{
    "temperature": {
        "mae": 2.2339496592524535,
        "rmse": 2.876790999980344,
        "r2": -0.8187862361640952
    },
    "humidity": {
        "mae": 6.637608875216817,
        "rmse": 7.6653796417345506,
        "r2": 0.5362111041507114
    },
    "pressure": {
        "mae": 2.2906470509019465,
        "rmse": 2.7750890919742917,
        "r2": 0.39578732428489083
    }
}